FN,LN,Owner,GP*,Bye,Fan Pts,% Owned,Proj,Actual,Yds,TD,Int,Att*,Yds,TD,Tgt*,Rec,Yds,TD,TD,2PT,Lost
Michael,Thomas,Fantasy What Now?,1.0,5,14.88,100%,23,23,0.0,0.0,0.0,0.0,0.0,0.0,8.5,6.4,80.7,0.6,0.0,0.0,0.0
Chris,Hogan,W (Jan 10),1.0,9,12.38,97%,47,47,0.0,0.0,0.0,0.0,0.0,0.0,6.4,5.6,62.2,0.6,0.0,0.0,0.0
Kelvin,Benjamin,W (Jan 10),1.0,6,11.63,96%,59,59,0.0,0.0,0.0,0.0,0.0,0.0,8.1,4.6,66.8,0.4,0.0,0.0,0.0
DeSean,Jackson,Fantasy What Now?,1.0,1,10.80,93%,71,71,0.0,0.0,0.0,0.3,1.5,0.0,6.9,4.5,68.6,0.3,0.0,0.0,0.2
Pierre,Garcon,W (Jan 10),1.0,11,10.51,88%,73,73,0.0,0.0,0.0,0.0,0.0,0.0,9.5,5.3,60.8,0.3,0.0,0.0,0.0
Terrelle,Pryor,W (Jan 10),1.0,5,10.38,94%,78,78,0.0,0.0,0.0,0.4,3.5,0.0,5.7,4.2,54.5,0.4,0.0,0.0,0.1
Tyrell,Williams,W (Jan 10),1.0,9,10.21,76%,82,82,0.0,0.0,0.0,0.0,0.0,0.0,7.1,4.2,61.4,0.3,0.0,0.0,0.0
Will,Fuller,W (Jan 10),1.0,7,10.02,89%,84,84,0.0,0.0,0.0,0.5,2.1,0.0,5.1,3.8,49.5,0.5,0.0,0.0,0.0
Allen,Hurns,W (Jan 10),1.0,8,9.62,43%,92,92,0.0,0.0,0.0,0.0,0.0,0.0,7.2,4.9,60.0,0.2,0.0,0.0,0.0
Taylor,Gabriel,W (Jan 10),1.0,5,9.26,29%,107,107,0.0,0.0,0.0,1.7,7.9,0.1,5.6,4.1,47.8,0.2,0.0,0.0,0.0
John,Brown,W (Jan 10),1.0,8,9.15,43%,112,112,0.0,0.0,0.0,0.0,0.0,0.0,5.7,3.5,51.6,0.4,0.0,0.0,0.0
Taywan,Taylor,W (Jan 10),1.0,8,9.07,1%,115,115,0.0,0.0,0.0,0.0,0.0,0.0,5.5,3.9,49.0,0.4,0.0,0.0,0.0
Willie,Snead,W (Jan 10),1.0,5,9.01,78%,120,120,0.0,0.0,0.0,0.0,0.0,0.0,6.6,4.9,52.9,0.2,0.0,0.0,0.0
Jaron,Brown,W (Jan 10),1.0,8,8.95,41%,121,121,0.0,0.0,0.0,0.0,0.0,0.0,5.2,3.5,49.5,0.4,0.0,0.0,0.0
Kenny,Stills,W (Jan 10),1.0,1,8.70,18%,128,128,0.0,0.0,0.0,0.0,0.0,0.0,6.4,3.2,51.5,0.3,0.0,0.0,0.0
Kendall,Wright,W (Jan 10),1.0,9,8.64,14%,131,131,0.0,0.0,0.0,0.2,1.6,0.0,7.5,4.4,50.2,0.2,0.0,0.0,0.0
Martavis,Bryant,Fantasy What Now?,1.0,9,8.61,90%,133,133,0.0,0.0,0.0,0.0,0.0,0.0,6.1,3.5,50.4,0.3,0.0,0.0,0.0
Torrey,Smith,W (Jan 10),1.0,10,8.60,10%,134,134,0.0,0.0,0.0,0.0,0.0,0.0,6.8,3.7,49.7,0.3,0.0,0.0,0.0
Eric,Decker,W (Jan 10),1.0,8,8.17,43%,148,148,0.0,0.0,0.0,0.0,0.0,0.0,4.9,3.3,44.3,0.3,0.0,0.0,0.0
Breshad,Perriman,W (Jan 10),1.0,10,7.96,3%,158,158,0.0,0.0,0.0,0.2,1.1,0.0,5.0,3.0,45.5,0.3,0.0,0.0,0.0
J.J.,Nelson,W (Jan 10),1.0,8,7.95,38%,159,159,0.0,0.0,0.0,0.4,3.5,0.0,5.0,2.6,48.1,0.3,0.0,0.0,0.0
JuJu,Smith-Schuster,Fantasy What Now?,1.0,9,7.87,14%,162,162,0.0,0.0,0.0,0.0,0.0,0.0,5.2,3.0,44.3,0.3,0.0,0.0,0.0
Roger,Lewis,W (Jan 10),1.0,8,7.56,21%,168,168,0.0,0.0,0.0,0.0,0.0,0.0,8.0,3.5,44.0,0.2,0.0,0.0,0.0
Donte,Moncrief,W (Jan 10),1.0,11,7.56,45%,169,169,0.0,0.0,0.0,0.0,0.0,0.0,4.6,2.8,39.4,0.4,0.0,0.0,0.0
Ricardo,Louis,W (Jan 10),1.0,9,7.40,4%,173,173,0.0,0.0,0.0,0.0,0.0,0.0,6.3,3.6,43.4,0.2,0.0,0.0,0.0
Brandon,Coleman,W (Jan 10),1.0,5,7.38,2%,175,175,0.0,0.0,0.0,0.0,0.0,0.0,4.2,3.0,39.4,0.3,0.0,0.0,0.0
Curtis,Samuel,W (Jan 10),1.0,11,7.33,1%,178,178,0.0,0.0,0.0,0.9,7.6,0.1,4.4,2.7,35.8,0.2,0.0,0.0,0.0
Josh,Bellamy,W (Jan 10),1.0,9,7.23,0%,182,182,0.0,0.0,0.0,0.0,0.0,0.0,4.4,3.5,43.4,0.2,0.0,0.0,0.0
Rashard,Higgins,W (Jan 10),1.0,9,7.11,5%,187,187,0.0,0.0,0.0,0.0,0.0,0.0,5.6,3.0,42.6,0.2,0.0,0.0,0.0
Adam,Humphries,W (Jan 10),1.0,1,6.71,7%,194,194,0.0,0.0,0.0,0.1,0.7,0.0,5.8,3.7,38.0,0.2,0.0,0.0,0.0
Mike,Williams,W (Jan 10),1.0,9,6.56,21%,196,196,0.0,0.0,0.0,0.0,0.0,0.0,5.0,2.7,41.1,0.2,0.0,0.0,0.1
Michael,Floyd,W (Jan 10),1.0,9,6.45,2%,199,199,0.0,0.0,0.0,0.0,0.0,0.0,4.8,2.8,36.2,0.2,0.0,0.0,0.0
Travis,Benjamin,W (Jan 10),1.0,9,6.41,6%,200,200,0.0,0.0,0.0,0.1,0.8,0.0,4.5,2.4,38.9,0.2,0.0,0.0,0.0
Geronimo,Allison,W (Jan 10),1.0,8,6.03,8%,211,211,0.0,0.0,0.0,0.0,0.0,0.0,4.0,2.1,34.0,0.3,0.0,0.0,0.0
Tanner,Gentry,W (Jan 10),1.0,9,5.54,0%,223,223,0.0,0.0,0.0,0.0,0.0,0.0,5.0,4.0,27.6,0.1,0.0,0.0,0.0
Phillip,Dorsett,W (Jan 10),1.0,9,5.33,2%,225,225,0.0,0.0,0.0,0.2,0.0,0.0,3.5,2.4,33.7,0.1,0.0,0.0,0.0
Tavarres,King,W (Jan 10),1.0,8,5.31,0%,226,226,0.0,0.0,0.0,0.0,0.0,0.0,4.7,2.8,28.8,0.2,0.0,0.0,0.0
Laquon,Treadwell,W (Jan 10),1.0,9,5.30,1%,227,227,0.0,0.0,0.0,0.0,0.0,0.0,4.3,2.4,29.4,0.2,0.0,0.0,0.0
Ryan,Grant,W (Jan 10),1.0,5,5.20,0%,231,231,0.0,0.0,0.0,0.0,0.0,0.0,3.0,2.8,31.7,0.1,0.0,0.0,0.0
Bruce,Ellington,W (Jan 10),1.0,7,5.14,1%,233,233,0.0,0.0,0.0,0.0,0.0,0.0,4.1,2.7,30.1,0.1,0.0,0.0,0.0
Jeremy,Kerley,W (Jan 10),1.0,11,5.01,3%,235,235,0.0,0.0,0.0,0.0,0.0,0.0,4.0,2.6,28.3,0.1,0.0,0.0,0.0
Josh,Doctson,W (Jan 10),1.0,5,4.85,6%,237,237,0.0,0.0,0.0,0.0,0.0,0.0,3.0,2.1,27.3,0.2,0.0,0.0,0.0
TJ,Jones,W (Jan 10),1.0,7,4.76,0%,238,238,0.0,0.0,0.0,0.0,0.0,0.0,4.0,3.2,22.2,0.2,0.0,0.0,0.0
Kamar,Aiken,W (Jan 10),1.0,11,4.68,0%,240,240,0.0,0.0,0.0,0.0,0.0,0.0,4.0,2.2,29.1,0.1,0.0,0.0,0.0
Justin,Hardy,W (Jan 10),1.0,5,4.42,0%,244,244,0.0,0.0,0.0,0.0,0.0,0.0,3.0,2.2,23.0,0.2,0.0,0.0,0.0
Sammie,Coates,W (Jan 10),1.0,9,4.21,0%,246,246,0.0,0.0,0.0,0.0,0.0,0.0,3.0,1.6,25.3,0.1,0.0,0.0,0.0
Russell,Shepard,W (Jan 10),1.0,11,4.03,0%,249,249,0.0,0.0,0.0,0.1,0.3,0.0,3.0,1.9,26.4,0.1,0.0,0.0,0.0
Bennie,Fowler,W (Jan 10),1.0,5,3.81,1%,251,251,0.0,0.0,0.0,0.0,0.0,0.0,3.2,1.9,23.1,0.1,0.0,0.0,0.0
Seth,Roberts,W (Jan 10),1.0,10,3.76,0%,252,252,0.0,0.0,0.0,0.0,0.0,0.0,2.9,1.7,20.0,0.2,0.0,0.0,0.0
Leonte,Carroo,W (Jan 10),1.0,1,3.46,0%,258,258,0.0,0.0,0.0,0.0,0.0,0.0,3.0,1.6,20.9,0.1,0.0,0.0,0.0
Jarius,Wright,W (Jan 10),1.0,9,3.43,0%,259,259,0.0,0.0,0.0,0.0,0.0,0.0,3.0,1.8,20.1,0.1,0.0,0.0,0.0
Travis,Rudolph,W (Jan 10),1.0,8,3.35,0%,263,263,0.0,0.0,0.0,0.0,0.0,0.0,5.0,2.7,19.8,0.0,0.0,0.0,0.0
Cordarrelle,Patterson,W (Jan 10),1.0,10,3.22,3%,265,265,0.0,0.0,0.0,0.6,3.0,0.0,2.0,1.4,14.0,0.1,0.1,0.0,0.0
Chris,Godwin,W (Jan 10),1.0,1,3.19,0%,266,266,0.0,0.0,0.0,0.0,0.0,0.0,2.2,1.2,17.8,0.1,0.0,0.0,0.0
Aldrick,Robinson,W (Jan 10),1.0,11,3.08,0%,267,267,0.0,0.0,0.0,0.0,0.0,0.0,3.1,2.1,17.4,0.0,0.0,0.0,0.0
Trent,Taylor,W (Jan 10),1.0,11,3.05,0%,268,268,0.0,0.0,0.0,0.0,0.0,0.0,2.5,1.4,17.9,0.1,0.0,0.0,0.0
Mack,Hollins,W (Jan 10),1.0,10,3.03,0%,269,269,0.0,0.0,0.0,0.0,0.0,0.0,2.2,1.1,18.7,0.1,0.0,0.0,0.0
ArDarius,Stewart,W (Jan 10),1.0,11,2.85,0%,274,274,0.0,0.0,0.0,0.0,0.0,0.0,2.2,1.1,17.1,0.1,0.0,0.0,0.0
Tavon,Austin,W (Jan 10),1.0,8,2.78,2%,276,276,0.0,0.0,0.0,0.6,3.8,0.0,1.8,1.1,11.8,0.1,0.0,0.0,0.0
Michael,Campanaro,W (Jan 10),1.0,10,2.38,0%,281,281,0.0,0.0,0.0,0.0,0.0,0.0,2.2,1.2,15.1,0.0,0.0,0.0,0.0
Brian,Quick,W (Jan 10),1.0,5,2.25,0%,285,285,0.0,0.0,0.0,0.0,0.0,0.0,1.4,1.0,12.9,0.1,0.0,0.0,0.0
Andre,Roberts,W (Jan 10),1.0,5,2.22,0%,286,286,0.0,0.0,0.0,0.0,0.0,0.0,1.5,0.9,13.7,0.0,0.1,0.0,0.0
Eli,Rogers,W (Jan 10),1.0,9,2.01,0%,291,291,0.0,0.0,0.0,0.0,0.1,0.0,1.6,1.0,12.5,0.0,0.0,0.0,0.0
Pharoh,Cooper,W (Jan 10),1.0,8,1.24,0%,308,308,0.0,0.0,0.0,0.1,0.3,0.0,1.2,0.7,7.1,0.0,0.0,0.0,0.0
Isaiah,McKenzie,W (Jan 10),1.0,5,1.04,0%,310,310,0.0,0.0,0.0,0.5,1.4,0.0,0.9,0.5,6.4,0.0,0.0,0.0,0.0
Brittan,Golden,W (Jan 10),1.0,8,0.94,0%,312,312,0.0,0.0,0.0,0.0,0.0,0.0,0.8,0.4,7.2,0.0,0.0,0.0,0.0
Chester,Rogers,W (Jan 10),1.0,11,0.76,0%,314,314,0.0,0.0,0.0,0.0,0.0,0.0,1.0,0.6,4.8,0.0,0.0,0.0,0.0
Braxton,Miller,W (Jan 10),1.0,7,0.75,0%,316,316,0.0,0.0,0.0,0.0,0.0,0.0,0.5,0.3,4.1,0.0,0.0,0.0,0.0
Josh,Reynolds,W (Jan 10),1.0,8,0.55,0%,323,323,0.0,0.0,0.0,0.0,0.0,0.0,0.5,0.2,3.4,0.0,0.0,0.0,0.0
Chad,Hansen,W (Jan 10),1.0,11,0.44,0%,324,324,0.0,0.0,0.0,0.0,0.0,0.0,0.4,0.2,2.6,0.0,0.0,0.0,0.0
Odell,Beckham,W (Jan 10),1.0,8,0.38,35%,327,327,0.0,0.0,0.0,0.0,0.0,0.0,0.0,0.0,0.0,0.0,0.1,0.0,0.0
Jeff,Janis,W (Jan 10),1.0,8,0.29,0%,329,329,0.0,0.0,0.0,0.1,0.2,0.0,0.2,0.1,1.3,0.0,0.0,0.0,0.0
Jehu,Chesson,W (Jan 10),1.0,10,0.24,0%,331,331,0.0,0.0,0.0,0.0,0.0,0.0,0.2,0.1,1.8,0.0,0.0,0.0,0.0
Chris,Moore,W (Jan 10),1.0,10,0.23,0%,332,332,0.0,0.0,0.0,0.0,0.0,0.0,0.2,0.1,1.6,0.0,0.0,0.0,0.0
Jordan,Taylor,W (Jan 10),1.0,5,0.15,0%,334,334,0.0,0.0,0.0,0.0,0.0,0.0,0.1,0.1,0.8,0.0,0.0,0.0,0.0
Trevor,Davis,W (Jan 10),1.0,8,0.12,0%,337,337,0.0,0.0,0.0,0.0,0.0,0.0,0.1,0.1,0.7,0.0,0.0,0.0,0.0
Darrius,Heyward-Bey,W (Jan 10),1.0,9,0.12,0%,338,338,0.0,0.0,0.0,0.0,0.1,0.0,0.1,0.1,0.7,0.0,0.0,0.0,0.0
Titus,Davis,W (Jan 10),0.0,9,0.00,0%,339,339,0.0,0.0,0.0,0.0,0.0,0.0,0.0,0.0,0.0,0.0,0.0,0.0,0.0
Cameron,Meredith,W (Jan 10),1.0,9,0.00,5%,343,343,0.0,0.0,0.0,0.0,0.0,0.0,0.0,0.0,0.0,0.0,0.0,0.0,0.0
Damiere,Byrd,W (Jan 10),1.0,11,0.00,0%,347,347,0.0,0.0,0.0,0.0,0.0,0.0,0.0,0.0,0.0,0.0,0.0,0.0,0.0
Quan,Bray,W (Jan 10),1.0,6,0.00,0%,349,349,0.0,0.0,0.0,0.0,0.0,0.0,0.0,0.0,0.0,0.0,0.0,0.0,0.0
Rannell,Hall,W (Jan 10),0.0,5,0.00,0%,352,352,0.0,0.0,0.0,0.0,0.0,0.0,0.0,0.0,0.0,0.0,0.0,0.0,0.0
Dres,Anderson,W (Jan 10),0.0,11,0.00,0%,353,353,0.0,0.0,0.0,0.0,0.0,0.0,0.0,0.0,0.0,0.0,0.0,0.0,0.0
DeAndrew,White,W (Jan 10),0.0,7,0.00,0%,355,355,0.0,0.0,0.0,0.0,0.0,0.0,0.0,0.0,0.0,0.0,0.0,0.0,0.0
Shane,Wynn,W (Jan 10),1.0,8,0.00,0%,359,359,0.0,0.0,0.0,0.0,0.0,0.0,0.0,0.0,0.0,0.0,0.0,0.0,0.0
Jordan,Leslie,W (Jan 10),0.0,5,0.00,0%,361,361,0.0,0.0,0.0,0.0,0.0,0.0,0.0,0.0,0.0,0.0,0.0,0.0,0.0
Andrew,Hawkins,W (Jan 10),0.0,9,0.00,0%,365,365,0.0,0.0,0.0,0.0,0.0,0.0,0.0,0.0,0.0,0.0,0.0,0.0,0.0
A.J.,Green,Fantasy What Now?,0.0,6,0.00,100%,367,367,0.0,0.0,0.0,0.0,0.0,0.0,0.0,0.0,0.0,0.0,0.0,0.0,0.0
Larry,Pinkard,W (Jan 10),0.0,8,0.00,0%,374,374,0.0,0.0,0.0,0.0,0.0,0.0,0.0,0.0,0.0,0.0,0.0,0.0,0.0
DeAndre,Carter,W (Jan 10),0.0,11,0.00,0%,377,377,0.0,0.0,0.0,0.0,0.0,0.0,0.0,0.0,0.0,0.0,0.0,0.0,0.0
Jake,Kumerow,W (Jan 10),0.0,8,0.00,0%,384,384,0.0,0.0,0.0,0.0,0.0,0.0,0.0,0.0,0.0,0.0,0.0,0.0,0.0
Chris,Harper,W (Jan 10),0.0,11,0.00,0%,387,387,0.0,0.0,0.0,0.0,0.0,0.0,0.0,0.0,0.0,0.0,0.0,0.0,0.0
Cecil,Shorts,W (Jan 10),0.0,1,0.00,0%,389,389,0.0,0.0,0.0,0.0,0.0,0.0,0.0,0.0,0.0,0.0,0.0,0.0,0.0
Bradley,Marquez,W (Jan 10),1.0,7,0.00,0%,391,391,0.0,0.0,0.0,0.0,0.0,0.0,0.0,0.0,0.0,0.0,0.0,0.0,0.0
Antwan,Goodley,W (Jan 10),0.0,10,0.00,0%,395,395,0.0,0.0,0.0,0.0,0.0,0.0,0.0,0.0,0.0,0.0,0.0,0.0,0.0
Lucky,Whitehead,W (Jan 10),0.0,11,0.00,0%,397,397,0.0,0.0,0.0,0.0,0.0,0.0,0.0,0.0,0.0,0.0,0.0,0.0,0.0
Darius,Jennings,W (Jan 10),1.0,8,0.00,0%,402,402,0.0,0.0,0.0,0.0,0.0,0.0,0.0,0.0,0.0,0.0,0.0,0.0,0.0
Isaac,Fruechte,W (Jan 10),0.0,9,0.00,0%,406,406,0.0,0.0,0.0,0.0,0.0,0.0,0.0,0.0,0.0,0.0,0.0,0.0,0.0
Dwayne,Harris,W (Jan 10),1.0,8,0.00,0%,408,408,0.0,0.0,0.0,0.0,0.0,0.0,0.0,0.0,0.0,0.0,0.0,0.0,0.0
Andrew,Turzilli,W (Jan 10),0.0,8,0.00,0%,411,411,0.0,0.0,0.0,0.0,0.0,0.0,0.0,0.0,0.0,0.0,0.0,0.0,0.0
Donteea,Dye,W (Jan 10),0.0,1,0.00,0%,412,412,0.0,0.0,0.0,0.0,0.0,0.0,0.0,0.0,0.0,0.0,0.0,0.0,0.0
Eric,Weems,W (Jan 10),1.0,8,0.00,0%,414,414,0.0,0.0,0.0,0.0,0.0,0.0,0.0,0.0,0.0,0.0,0.0,0.0,0.0
Deshon,Foxx,W (Jan 10),0.0,11,0.00,0%,419,419,0.0,0.0,0.0,0.0,0.0,0.0,0.0,0.0,0.0,0.0,0.0,0.0,0.0
Kasen,Williams,W (Jan 10),1.0,9,0.00,0%,420,420,0.0,0.0,0.0,0.0,0.0,0.0,0.0,0.0,0.0,0.0,0.0,0.0,0.0
Jamel,Johnson,W (Jan 10),0.0,6,0.00,0%,426,426,0.0,0.0,0.0,0.0,0.0,0.0,0.0,0.0,0.0,0.0,0.0,0.0,0.0
Dontrelle,Inman,W (Jan 10),1.0,9,0.00,0%,427,427,0.0,0.0,0.0,0.0,0.0,0.0,0.0,0.0,0.0,0.0,0.0,0.0,0.0
Anthony,Dable,W (Jan 10),0.0,5,0.00,0%,429,429,0.0,0.0,0.0,0.0,0.0,0.0,0.0,0.0,0.0,0.0,0.0,0.0,0.0
Xavier,Rush,W (Jan 10),0.0,5,0.00,0%,430,430,0.0,0.0,0.0,0.0,0.0,0.0,0.0,0.0,0.0,0.0,0.0,0.0,0.0
Tyler,Boyd,W (Jan 10),0.0,6,0.00,0%,440,440,0.0,0.0,0.0,0.0,0.0,0.0,0.0,0.0,0.0,0.0,0.0,0.0,0.0
Eddie,Royal,W (Jan 10),0.0,9,0.00,0%,441,441,0.0,0.0,0.0,0.0,0.0,0.0,0.0,0.0,0.0,0.0,0.0,0.0,0.0
Andre,Holmes,W (Jan 10),0.0,6,0.00,0%,446,446,0.0,0.0,0.0,0.0,0.0,0.0,0.0,0.0,0.0,0.0,0.0,0.0,0.0
Harry,Douglas,W (Jan 10),1.0,8,0.00,0%,449,449,0.0,0.0,0.0,0.0,0.0,0.0,0.0,0.0,0.0,0.0,0.0,0.0,0.0
Malcolm,Mitchell,W (Jan 10),1.0,9,0.00,1%,450,450,0.0,0.0,0.0,0.0,0.0,0.0,0.0,0.0,0.0,0.0,0.0,0.0,0.0
Demarcus,Robinson,W (Jan 10),1.0,10,0.00,0%,452,452,0.0,0.0,0.0,0.0,0.0,0.0,0.0,0.0,0.0,0.0,0.0,0.0,0.0
Tajae,Sharpe,W (Jan 10),1.0,8,0.00,0%,456,456,0.0,0.0,0.0,0.0,0.0,0.0,0.0,0.0,0.0,0.0,0.0,0.0,0.0
Jordan,Payton,W (Jan 10),0.0,9,0.00,0%,461,461,0.0,0.0,0.0,0.0,0.0,0.0,0.0,0.0,0.0,0.0,0.0,0.0,0.0
Jeremy,Ross,W (Jan 10),0.0,8,0.00,0%,466,466,0.0,0.0,0.0,0.0,0.0,0.0,0.0,0.0,0.0,0.0,0.0,0.0,0.0
Matthew,Slater,W (Jan 10),1.0,9,0.00,0%,468,468,0.0,0.0,0.0,0.0,0.0,0.0,0.0,0.0,0.0,0.0,0.0,0.0,0.0
Moritz,Boehringer,W (Jan 10),0.0,9,0.00,0%,470,470,0.0,0.0,0.0,0.0,0.0,0.0,0.0,0.0,0.0,0.0,0.0,0.0,0.0
Keenan,Reynolds,W (Jan 10),0.0,5,0.00,0%,472,472,0.0,0.0,0.0,0.0,0.0,0.0,0.0,0.0,0.0,0.0,0.0,0.0,0.0
Jakeem,Grant,W (Jan 10),1.0,1,0.00,0%,474,474,0.0,0.0,0.0,0.0,0.0,0.0,0.0,0.0,0.0,0.0,0.0,0.0,0.0
Kolby,Listenbee,W (Jan 10),0.0,11,0.00,0%,477,477,0.0,0.0,0.0,0.0,0.0,0.0,0.0,0.0,0.0,0.0,0.0,0.0,0.0
Cody,Core,W (Jan 10),0.0,6,0.00,0%,480,480,0.0,0.0,0.0,0.0,0.0,0.0,0.0,0.0,0.0,0.0,0.0,0.0,0.0
Michael,Thomas,W (Jan 10),1.0,8,0.00,0%,482,482,0.0,0.0,0.0,0.0,0.0,0.0,0.0,0.0,0.0,0.0,0.0,0.0,0.0
Aaron,Burbridge,W (Jan 10),1.0,11,0.00,0%,485,485,0.0,0.0,0.0,0.0,0.0,0.0,0.0,0.0,0.0,0.0,0.0,0.0,0.0
Devin,Lucien,W (Jan 10),0.0,1,0.00,0%,489,489,0.0,0.0,0.0,0.0,0.0,0.0,0.0,0.0,0.0,0.0,0.0,0.0,0.0
Demarcus,Ayers,W (Jan 10),0.0,9,0.00,0%,490,490,0.0,0.0,0.0,0.0,0.0,0.0,0.0,0.0,0.0,0.0,0.0,0.0,0.0
Daniel,Braverman,W (Jan 10),0.0,10,0.00,0%,491,491,0.0,0.0,0.0,0.0,0.0,0.0,0.0,0.0,0.0,0.0,0.0,0.0,0.0
Devin,Fuller,W (Jan 10),1.0,5,0.00,0%,496,496,0.0,0.0,0.0,0.0,0.0,0.0,0.0,0.0,0.0,0.0,0.0,0.0,0.0
Charone,Peake,W (Jan 10),1.0,11,0.00,0%,497,497,0.0,0.0,0.0,0.0,0.0,0.0,0.0,0.0,0.0,0.0,0.0,0.0,0.0
Kenny,Lawler,W (Jan 10),0.0,6,0.00,0%,499,499,0.0,0.0,0.0,0.0,0.0,0.0,0.0,0.0,0.0,0.0,0.0,0.0,0.0
Stevie,Johnson,W (Jan 10),0.0,9,0.00,0%,501,501,0.0,0.0,0.0,0.0,0.0,0.0,0.0,0.0,0.0,0.0,0.0,0.0,0.0
Canaan,Severin,W (Jan 10),0.0,8,0.00,0%,504,504,0.0,0.0,0.0,0.0,0.0,0.0,0.0,0.0,0.0,0.0,0.0,0.0,0.0
Keyarris,Garrett,W (Jan 10),0.0,11,0.00,0%,506,506,0.0,0.0,0.0,0.0,0.0,0.0,0.0,0.0,0.0,0.0,0.0,0.0,0.0
Jamal,Robinson,W (Jan 10),0.0,8,0.00,0%,510,510,0.0,0.0,0.0,0.0,0.0,0.0,0.0,0.0,0.0,0.0,0.0,0.0,0.0
Jamaal,Jones,W (Jan 10),0.0,11,0.00,0%,513,513,0.0,0.0,0.0,0.0,0.0,0.0,0.0,0.0,0.0,0.0,0.0,0.0,0.0
Dom,Williams,W (Jan 10),0.0,10,0.00,0%,517,517,0.0,0.0,0.0,0.0,0.0,0.0,0.0,0.0,0.0,0.0,0.0,0.0,0.0
Dez,Stewart,W (Jan 10),0.0,7,0.00,0%,527,527,0.0,0.0,0.0,0.0,0.0,0.0,0.0,0.0,0.0,0.0,0.0,0.0,0.0
Marcus,Leak,W (Jan 10),0.0,7,0.00,0%,530,530,0.0,0.0,0.0,0.0,0.0,0.0,0.0,0.0,0.0,0.0,0.0,0.0,0.0
Mekale,McKay,W (Jan 10),0.0,9,0.00,0%,531,531,0.0,0.0,0.0,0.0,0.0,0.0,0.0,0.0,0.0,0.0,0.0,0.0,0.0
Tevaun,Smith,W (Jan 10),0.0,8,0.00,0%,532,532,0.0,0.0,0.0,0.0,0.0,0.0,0.0,0.0,0.0,0.0,0.0,0.0,0.0
Mose,Frazier,W (Jan 10),0.0,11,0.00,0%,534,534,0.0,0.0,0.0,0.0,0.0,0.0,0.0,0.0,0.0,0.0,0.0,0.0,0.0
Kalif,Raymond,W (Jan 10),0.0,8,0.00,0%,536,536,0.0,0.0,0.0,0.0,0.0,0.0,0.0,0.0,0.0,0.0,0.0,0.0,0.0
Maurice,Harris,W (Jan 10),0.0,5,0.00,0%,537,537,0.0,0.0,0.0,0.0,0.0,0.0,0.0,0.0,0.0,0.0,0.0,0.0,0.0
Marcus,Johnson,W (Jan 10),1.0,10,0.00,0%,544,544,0.0,0.0,0.0,0.0,0.0,0.0,0.0,0.0,0.0,0.0,0.0,0.0,0.0
Cayleb,Jones,W (Jan 10),0.0,9,0.00,0%,545,545,0.0,0.0,0.0,0.0,0.0,0.0,0.0,0.0,0.0,0.0,0.0,0.0,0.0
Hunter,Sharp,W (Jan 10),0.0,8,0.00,0%,548,548,0.0,0.0,0.0,0.0,0.0,0.0,0.0,0.0,0.0,0.0,0.0,0.0,0.0
Paul,Turner,W (Jan 10),0.0,10,0.00,0%,549,549,0.0,0.0,0.0,0.0,0.0,0.0,0.0,0.0,0.0,0.0,0.0,0.0,0.0
Chris,Matthews,W (Jan 10),1.0,10,0.00,0%,550,550,0.0,0.0,0.0,0.0,0.0,0.0,0.0,0.0,0.0,0.0,0.0,0.0,0.0
Reggie,Diggs,W (Jan 10),0.0,5,0.00,0%,551,551,0.0,0.0,0.0,0.0,0.0,0.0,0.0,0.0,0.0,0.0,0.0,0.0,0.0
Valdez,Showers,W (Jan 10),0.0,11,0.00,0%,554,554,0.0,0.0,0.0,0.0,0.0,0.0,0.0,0.0,0.0,0.0,0.0,0.0,0.0
Alex,Erickson,W (Jan 10),0.0,6,0.00,0%,556,556,0.0,0.0,0.0,0.0,0.0,0.0,0.0,0.0,0.0,0.0,0.0,0.0,0.0
Alonzo,Russell,W (Jan 10),0.0,8,0.00,0%,557,557,0.0,0.0,0.0,0.0,0.0,0.0,0.0,0.0,0.0,0.0,0.0,0.0,0.0
Paul,McRoberts,W (Jan 10),0.0,8,0.00,0%,561,561,0.0,0.0,0.0,0.0,0.0,0.0,0.0,0.0,0.0,0.0,0.0,0.0,0.0
Marquez,North,W (Jan 10),0.0,8,0.00,0%,563,563,0.0,0.0,0.0,0.0,0.0,0.0,0.0,0.0,0.0,0.0,0.0,0.0,0.0
Nelson,Spruce,W (Jan 10),0.0,9,0.00,0%,564,564,0.0,0.0,0.0,0.0,0.0,0.0,0.0,0.0,0.0,0.0,0.0,0.0,0.0
Jeremy,Maclin,W (Jan 10),1.0,10,0.00,67%,566,566,0.0,0.0,0.0,0.0,0.0,0.0,0.0,0.0,0.0,0.0,0.0,0.0,0.0
Jace,Billingsley,W (Jan 10),0.0,7,0.00,0%,567,567,0.0,0.0,0.0,0.0,0.0,0.0,0.0,0.0,0.0,0.0,0.0,0.0,0.0
Kenny,Britt,W (Jan 10),1.0,9,0.00,27%,568,568,0.0,0.0,0.0,0.0,0.0,0.0,0.0,0.0,0.0,0.0,0.0,0.0,0.0
Bryce,Treggs,W (Jan 10),1.0,10,0.00,0%,569,569,0.0,0.0,0.0,0.0,0.0,0.0,0.0,0.0,0.0,0.0,0.0,0.0,0.0
Jalin,Marshall,W (Jan 10),0.0,11,0.00,0%,571,571,0.0,0.0,0.0,0.0,0.0,0.0,0.0,0.0,0.0,0.0,0.0,0.0,0.0
Tevin,Jones,W (Jan 10),0.0,10,0.00,0%,572,572,0.0,0.0,0.0,0.0,0.0,0.0,0.0,0.0,0.0,0.0,0.0,0.0,0.0
Richard,Mullaney,W (Jan 10),0.0,9,0.00,0%,575,575,0.0,0.0,0.0,0.0,0.0,0.0,0.0,0.0,0.0,0.0,0.0,0.0,0.0
Wendall,Williams,W (Jan 10),0.0,7,0.00,0%,582,582,0.0,0.0,0.0,0.0,0.0,0.0,0.0,0.0,0.0,0.0,0.0,0.0,0.0
Tanner,McEvoy,W (Jan 10),0.0,6,0.00,0%,584,584,0.0,0.0,0.0,0.0,0.0,0.0,0.0,0.0,0.0,0.0,0.0,0.0,0.0
Brandon,Tate,W (Jan 10),0.0,6,0.00,0%,585,585,0.0,0.0,0.0,0.0,0.0,0.0,0.0,0.0,0.0,0.0,0.0,0.0,0.0
Rashawn,Scott,W (Jan 10),1.0,1,0.00,0%,587,587,0.0,0.0,0.0,0.0,0.0,0.0,0.0,0.0,0.0,0.0,0.0,0.0,0.0
Brandon,Shippen,W (Jan 10),0.0,10,0.00,0%,588,588,0.0,0.0,0.0,0.0,0.0,0.0,0.0,0.0,0.0,0.0,0.0,0.0,0.0
Tommylee,Lewis,W (Jan 10),1.0,5,0.00,0%,590,590,0.0,0.0,0.0,0.0,0.0,0.0,0.0,0.0,0.0,0.0,0.0,0.0,0.0
K.J.,Maye,W (Jan 10),0.0,9,0.00,0%,592,592,0.0,0.0,0.0,0.0,0.0,0.0,0.0,0.0,0.0,0.0,0.0,0.0,0.0
Jordan,Williams-Lambert,W (Jan 10),0.0,5,0.00,0%,594,594,0.0,0.0,0.0,0.0,0.0,0.0,0.0,0.0,0.0,0.0,0.0,0.0,0.0
Darius,Powe,W (Jan 10),0.0,8,0.00,0%,595,595,0.0,0.0,0.0,0.0,0.0,0.0,0.0,0.0,0.0,0.0,0.0,0.0,0.0
Louis,Murphy,W (Jan 10),0.0,11,0.00,0%,596,596,0.0,0.0,0.0,0.0,0.0,0.0,0.0,0.0,0.0,0.0,0.0,0.0,0.0
Rueben,Randle,W (Jan 10),0.0,9,0.00,0%,597,597,0.0,0.0,0.0,0.0,0.0,0.0,0.0,0.0,0.0,0.0,0.0,0.0,0.0
TJ,Graham,W (Jan 10),0.0,11,0.00,0%,601,601,0.0,0.0,0.0,0.0,0.0,0.0,0.0,0.0,0.0,0.0,0.0,0.0,0.0
Mitch,Mathews,W (Jan 10),0.0,1,0.00,0%,605,605,0.0,0.0,0.0,0.0,0.0,0.0,0.0,0.0,0.0,0.0,0.0,0.0,0.0
Chris,Brown,W (Jan 10),0.0,6,0.00,0%,606,606,0.0,0.0,0.0,0.0,0.0,0.0,0.0,0.0,0.0,0.0,0.0,0.0,0.0
Ed,Eagan,W (Jan 10),1.0,8,0.00,0%,609,609,0.0,0.0,0.0,0.0,0.0,0.0,0.0,0.0,0.0,0.0,0.0,0.0,0.0
Andy,Jones,W (Jan 10),0.0,7,0.00,0%,610,610,0.0,0.0,0.0,0.0,0.0,0.0,0.0,0.0,0.0,0.0,0.0,0.0,0.0
Marcus,Tucker,W (Jan 10),0.0,9,0.00,0%,613,613,0.0,0.0,0.0,0.0,0.0,0.0,0.0,0.0,0.0,0.0,0.0,0.0,0.0
Chris,Hubert,W (Jan 10),0.0,8,0.00,0%,614,614,0.0,0.0,0.0,0.0,0.0,0.0,0.0,0.0,0.0,0.0,0.0,0.0,0.0
Keshawn,Martin,W (Jan 10),0.0,7,0.00,0%,619,619,0.0,0.0,0.0,0.0,0.0,0.0,0.0,0.0,0.0,0.0,0.0,0.0,0.0
K.J.,Brent,W (Jan 10),0.0,11,0.00,0%,627,627,0.0,0.0,0.0,0.0,0.0,0.0,0.0,0.0,0.0,0.0,0.0,0.0,0.0
Johnny,Holton,W (Jan 10),1.0,10,0.00,0%,628,628,0.0,0.0,0.0,0.0,0.0,0.0,0.0,0.0,0.0,0.0,0.0,0.0,0.0
Max,McCaffrey,W (Jan 10),1.0,11,0.00,0%,629,629,0.0,0.0,0.0,0.0,0.0,0.0,0.0,0.0,0.0,0.0,0.0,0.0,0.0
Julian,Edelman,W (Jan 10),1.0,9,0.00,5%,631,631,0.0,0.0,0.0,0.0,0.0,0.0,0.0,0.0,0.0,0.0,0.0,0.0,0.0
Jaydon,Mickens,W (Jan 10),0.0,8,0.00,0%,632,632,0.0,0.0,0.0,0.0,0.0,0.0,0.0,0.0,0.0,0.0,0.0,0.0,0.0
Jake,Lampman,W (Jan 10),0.0,1,0.00,0%,638,638,0.0,0.0,0.0,0.0,0.0,0.0,0.0,0.0,0.0,0.0,0.0,0.0,0.0
Marquis,Bundy,W (Jan 10),0.0,8,0.00,0%,642,642,0.0,0.0,0.0,0.0,0.0,0.0,0.0,0.0,0.0,0.0,0.0,0.0,0.0
Marvin,Hall,W (Jan 10),1.0,5,0.00,0%,643,643,0.0,0.0,0.0,0.0,0.0,0.0,0.0,0.0,0.0,0.0,0.0,0.0,0.0
David,Watford,W (Jan 10),0.0,10,0.00,0%,647,647,0.0,0.0,0.0,0.0,0.0,0.0,0.0,0.0,0.0,0.0,0.0,0.0,0.0
Kendal,Thompson,W (Jan 10),0.0,5,0.00,0%,648,648,0.0,0.0,0.0,0.0,0.0,0.0,0.0,0.0,0.0,0.0,0.0,0.0,0.0
Harvey,Binford,W (Jan 10),0.0,11,0.00,0%,649,649,0.0,0.0,0.0,0.0,0.0,0.0,0.0,0.0,0.0,0.0,0.0,0.0,0.0
Chris,Briggs,W (Jan 10),0.0,11,0.00,0%,658,658,0.0,0.0,0.0,0.0,0.0,0.0,0.0,0.0,0.0,0.0,0.0,0.0,0.0
Garrett,Scantling,W (Jan 10),0.0,5,0.00,0%,660,660,0.0,0.0,0.0,0.0,0.0,0.0,0.0,0.0,0.0,0.0,0.0,0.0,0.0
Cyril,Grayson,W (Jan 10),0.0,6,0.00,0%,661,661,0.0,0.0,0.0,0.0,0.0,0.0,0.0,0.0,0.0,0.0,0.0,0.0,0.0
John,Ross,W (Jan 10),0.0,6,0.00,3%,666,666,0.0,0.0,0.0,0.0,0.0,0.0,0.0,0.0,0.0,0.0,0.0,0.0,0.0
Zay,Jones,W (Jan 10),0.0,6,0.00,9%,669,669,0.0,0.0,0.0,0.0,0.0,0.0,0.0,0.0,0.0,0.0,0.0,0.0,0.0
Cole,Beasley,W (Jan 10),0.0,6,0.00,21%,671,671,0.0,0.0,0.0,0.0,0.0,0.0,0.0,0.0,0.0,0.0,0.0,0.0,0.0
Jordan,Norwood,W (Jan 10),0.0,5,0.00,0%,677,677,0.0,0.0,0.0,0.0,0.0,0.0,0.0,0.0,0.0,0.0,0.0,0.0,0.0
Brenton,Bersin,W (Jan 10),0.0,11,0.00,0%,679,679,0.0,0.0,0.0,0.0,0.0,0.0,0.0,0.0,0.0,0.0,0.0,0.0,0.0
Carlos,Henderson,W (Jan 10),1.0,5,0.00,0%,680,680,0.0,0.0,0.0,0.0,0.0,0.0,0.0,0.0,0.0,0.0,0.0,0.0,0.0
Kenny,Golladay,W (Jan 10),1.0,7,0.00,16%,682,682,0.0,0.0,0.0,0.0,0.0,0.0,0.0,0.0,0.0,0.0,0.0,0.0,0.0
Chad,Williams,W (Jan 10),1.0,8,0.00,0%,683,683,0.0,0.0,0.0,0.0,0.0,0.0,0.0,0.0,0.0,0.0,0.0,0.0,0.0
Amara,Darboh,W (Jan 10),0.0,6,0.00,0%,685,685,0.0,0.0,0.0,0.0,0.0,0.0,0.0,0.0,0.0,0.0,0.0,0.0,0.0
Josh,Malone,W (Jan 10),0.0,6,0.00,0%,688,688,0.0,0.0,0.0,0.0,0.0,0.0,0.0,0.0,0.0,0.0,0.0,0.0,0.0
Ryan,Switzer,W (Jan 10),0.0,6,0.00,0%,690,690,0.0,0.0,0.0,0.0,0.0,0.0,0.0,0.0,0.0,0.0,0.0,0.0,0.0
Shelton,Gibson,W (Jan 10),1.0,10,0.00,0%,697,697,0.0,0.0,0.0,0.0,0.0,0.0,0.0,0.0,0.0,0.0,0.0,0.0,0.0
Rodney,Adams,W (Jan 10),1.0,9,0.00,0%,698,698,0.0,0.0,0.0,0.0,0.0,0.0,0.0,0.0,0.0,0.0,0.0,0.0,0.0
DeAngelo,Yancey,W (Jan 10),0.0,8,0.00,0%,700,700,0.0,0.0,0.0,0.0,0.0,0.0,0.0,0.0,0.0,0.0,0.0,0.0,0.0
Griff,Whalen,W (Jan 10),0.0,10,0.00,0%,703,703,0.0,0.0,0.0,0.0,0.0,0.0,0.0,0.0,0.0,0.0,0.0,0.0,0.0
Robert,Davis,W (Jan 10),0.0,5,0.00,0%,707,707,0.0,0.0,0.0,0.0,0.0,0.0,0.0,0.0,0.0,0.0,0.0,0.0,0.0
Stacy,Coley,W (Jan 10),1.0,9,0.00,0%,709,709,0.0,0.0,0.0,0.0,0.0,0.0,0.0,0.0,0.0,0.0,0.0,0.0,0.0
David,Moore,W (Jan 10),0.0,6,0.00,0%,710,710,0.0,0.0,0.0,0.0,0.0,0.0,0.0,0.0,0.0,0.0,0.0,0.0,0.0
Isaiah,Ford,W (Jan 10),1.0,1,0.00,0%,711,711,0.0,0.0,0.0,0.0,0.0,0.0,0.0,0.0,0.0,0.0,0.0,0.0,0.0
Noah,Brown,W (Jan 10),0.0,6,0.00,0%,713,713,0.0,0.0,0.0,0.0,0.0,0.0,0.0,0.0,0.0,0.0,0.0,0.0,0.0
Malachi,Dupre,W (Jan 10),0.0,6,0.00,0%,717,717,0.0,0.0,0.0,0.0,0.0,0.0,0.0,0.0,0.0,0.0,0.0,0.0,0.0
Austin,Duke,W (Jan 10),1.0,11,0.00,0%,723,723,0.0,0.0,0.0,0.0,0.0,0.0,0.0,0.0,0.0,0.0,0.0,0.0,0.0
Fred,Ross,W (Jan 10),1.0,11,0.00,0%,724,724,0.0,0.0,0.0,0.0,0.0,0.0,0.0,0.0,0.0,0.0,0.0,0.0,0.0
Amba,Etta-Tawo,W (Jan 10),0.0,8,0.00,0%,728,728,0.0,0.0,0.0,0.0,0.0,0.0,0.0,0.0,0.0,0.0,0.0,0.0,0.0
Kenneth,Walker,W (Jan 10),0.0,8,0.00,0%,733,733,0.0,0.0,0.0,0.0,0.0,0.0,0.0,0.0,0.0,0.0,0.0,0.0,0.0
Travin,Dural,W (Jan 10),0.0,5,0.00,0%,734,734,0.0,0.0,0.0,0.0,0.0,0.0,0.0,0.0,0.0,0.0,0.0,0.0,0.0
Ahmad,Fulwood,W (Jan 10),0.0,5,0.00,0%,735,735,0.0,0.0,0.0,0.0,0.0,0.0,0.0,0.0,0.0,0.0,0.0,0.0,0.0
Andre,Patton,W (Jan 10),0.0,9,0.00,0%,740,740,0.0,0.0,0.0,0.0,0.0,0.0,0.0,0.0,0.0,0.0,0.0,0.0,0.0
Artavis,Scott,W (Jan 10),0.0,9,0.00,0%,741,741,0.0,0.0,0.0,0.0,0.0,0.0,0.0,0.0,0.0,0.0,0.0,0.0,0.0
Dontre,Wilson,W (Jan 10),0.0,9,0.00,0%,744,744,0.0,0.0,0.0,0.0,0.0,0.0,0.0,0.0,0.0,0.0,0.0,0.0,0.0
R.J.,Shelton,W (Jan 10),1.0,9,0.00,0%,748,748,0.0,0.0,0.0,0.0,0.0,0.0,0.0,0.0,0.0,0.0,0.0,0.0,0.0
Deante,Burton,W (Jan 10),0.0,5,0.00,0%,749,749,0.0,0.0,0.0,0.0,0.0,0.0,0.0,0.0,0.0,0.0,0.0,0.0,0.0
Reginald,Davis,W (Jan 10),0.0,5,0.00,0%,750,750,0.0,0.0,0.0,0.0,0.0,0.0,0.0,0.0,0.0,0.0,0.0,0.0,0.0
Josh,Magee,W (Jan 10),0.0,5,0.00,0%,751,751,0.0,0.0,0.0,0.0,0.0,0.0,0.0,0.0,0.0,0.0,0.0,0.0,0.0
Thomas,Sperbeck,W (Jan 10),0.0,1,0.00,0%,756,756,0.0,0.0,0.0,0.0,0.0,0.0,0.0,0.0,0.0,0.0,0.0,0.0,0.0
Bobo,Wilson,W (Jan 10),0.0,1,0.00,0%,757,757,0.0,0.0,0.0,0.0,0.0,0.0,0.0,0.0,0.0,0.0,0.0,0.0,0.0
Carlton,Agudosi,W (Jan 10),0.0,8,0.00,0%,758,758,0.0,0.0,0.0,0.0,0.0,0.0,0.0,0.0,0.0,0.0,0.0,0.0,0.0
Krishawn,Hogan,W (Jan 10),1.0,11,0.00,0%,760,760,0.0,0.0,0.0,0.0,0.0,0.0,0.0,0.0,0.0,0.0,0.0,0.0,0.0
Zach,Pascal,W (Jan 10),0.0,8,0.00,0%,766,766,0.0,0.0,0.0,0.0,0.0,0.0,0.0,0.0,0.0,0.0,0.0,0.0,0.0
James,Quick,W (Jan 10),0.0,5,0.00,0%,767,767,0.0,0.0,0.0,0.0,0.0,0.0,0.0,0.0,0.0,0.0,0.0,0.0,0.0
Levern,Jacobs,W (Jan 10),0.0,5,0.00,0%,768,768,0.0,0.0,0.0,0.0,0.0,0.0,0.0,0.0,0.0,0.0,0.0,0.0,0.0
Tim,White,W (Jan 10),1.0,10,0.00,0%,770,770,0.0,0.0,0.0,0.0,0.0,0.0,0.0,0.0,0.0,0.0,0.0,0.0,0.0
Tim,Patrick,W (Jan 10),0.0,5,0.00,0%,771,771,0.0,0.0,0.0,0.0,0.0,0.0,0.0,0.0,0.0,0.0,0.0,0.0,0.0
Quincy,Adeboyejo,W (Jan 10),0.0,10,0.00,0%,773,773,0.0,0.0,0.0,0.0,0.0,0.0,0.0,0.0,0.0,0.0,0.0,0.0,0.0
C.J.,Board,W (Jan 10),0.0,9,0.00,0%,774,774,0.0,0.0,0.0,0.0,0.0,0.0,0.0,0.0,0.0,0.0,0.0,0.0,0.0
Rod,Streater,W (Jan 10),0.0,6,0.00,0%,779,779,0.0,0.0,0.0,0.0,0.0,0.0,0.0,0.0,0.0,0.0,0.0,0.0,0.0
Trey,Griffey,W (Jan 10),0.0,1,0.00,0%,780,780,0.0,0.0,0.0,0.0,0.0,0.0,0.0,0.0,0.0,0.0,0.0,0.0,0.0
Bug,Howard,W (Jan 10),0.0,9,0.00,0%,781,781,0.0,0.0,0.0,0.0,0.0,0.0,0.0,0.0,0.0,0.0,0.0,0.0,0.0
Jerome,Lane,W (Jan 10),0.0,8,0.00,0%,783,783,0.0,0.0,0.0,0.0,0.0,0.0,0.0,0.0,0.0,0.0,0.0,0.0,0.0
JoJo,Natson,W (Jan 10),0.0,11,0.00,0%,784,784,0.0,0.0,0.0,0.0,0.0,0.0,0.0,0.0,0.0,0.0,0.0,0.0,0.0
Victor,Bolden,W (Jan 10),0.0,11,0.00,0%,788,788,0.0,0.0,0.0,0.0,0.0,0.0,0.0,0.0,0.0,0.0,0.0,0.0,0.0
Kendrick,Bourne,W (Jan 10),1.0,11,0.00,0%,789,789,0.0,0.0,0.0,0.0,0.0,0.0,0.0,0.0,0.0,0.0,0.0,0.0,0.0
Deonte,Thompson,W (Jan 10),0.0,6,0.00,1%,790,790,0.0,0.0,0.0,0.0,0.0,0.0,0.0,0.0,0.0,0.0,0.0,0.0,0.0
K.D.,Cannon,W (Jan 10),0.0,6,0.00,0%,791,791,0.0,0.0,0.0,0.0,0.0,0.0,0.0,0.0,0.0,0.0,0.0,0.0,0.0
Brisly,Estime,W (Jan 10),1.0,11,0.00,0%,795,795,0.0,0.0,0.0,0.0,0.0,0.0,0.0,0.0,0.0,0.0,0.0,0.0,0.0
Gabe,Marks,W (Jan 10),0.0,11,0.00,0%,797,797,0.0,0.0,0.0,0.0,0.0,0.0,0.0,0.0,0.0,0.0,0.0,0.0,0.0
Karel,Hamilton,W (Jan 10),0.0,6,0.00,0%,799,799,0.0,0.0,0.0,0.0,0.0,0.0,0.0,0.0,0.0,0.0,0.0,0.0,0.0
Monty,Madaris,W (Jan 10),0.0,6,0.00,0%,801,801,0.0,0.0,0.0,0.0,0.0,0.0,0.0,0.0,0.0,0.0,0.0,0.0,0.0
Brandon,Reilly,W (Jan 10),0.0,6,0.00,0%,808,808,0.0,0.0,0.0,0.0,0.0,0.0,0.0,0.0,0.0,0.0,0.0,0.0,0.0
Daikiel,Shorts,W (Jan 10),0.0,6,0.00,0%,809,809,0.0,0.0,0.0,0.0,0.0,0.0,0.0,0.0,0.0,0.0,0.0,0.0,0.0
Michael,Clark,W (Jan 10),0.0,8,0.00,0%,811,811,0.0,0.0,0.0,0.0,0.0,0.0,0.0,0.0,0.0,0.0,0.0,0.0,0.0
Montay,Crockett,W (Jan 10),0.0,8,0.00,0%,812,812,0.0,0.0,0.0,0.0,0.0,0.0,0.0,0.0,0.0,0.0,0.0,0.0,0.0
Keon,Hatcher,W (Jan 10),0.0,10,0.00,0%,818,818,0.0,0.0,0.0,0.0,0.0,0.0,0.0,0.0,0.0,0.0,0.0,0.0,0.0
Isaac,Whitney,W (Jan 10),0.0,10,0.00,0%,821,821,0.0,0.0,0.0,0.0,0.0,0.0,0.0,0.0,0.0,0.0,0.0,0.0,0.0
Ishmael,Zamora,W (Jan 10),0.0,10,0.00,0%,822,822,0.0,0.0,0.0,0.0,0.0,0.0,0.0,0.0,0.0,0.0,0.0,0.0,0.0
Malcolm,Lewis,W (Jan 10),0.0,1,0.00,0%,824,824,0.0,0.0,0.0,0.0,0.0,0.0,0.0,0.0,0.0,0.0,0.0,0.0,0.0
Michael,Avila,W (Jan 10),0.0,11,0.00,0%,825,825,0.0,0.0,0.0,0.0,0.0,0.0,0.0,0.0,0.0,0.0,0.0,0.0,0.0
Drew,Morgan,W (Jan 10),0.0,1,0.00,0%,826,826,0.0,0.0,0.0,0.0,0.0,0.0,0.0,0.0,0.0,0.0,0.0,0.0,0.0
Francis,Owusu,W (Jan 10),0.0,1,0.00,0%,827,827,0.0,0.0,0.0,0.0,0.0,0.0,0.0,0.0,0.0,0.0,0.0,0.0,0.0
Damore'ea,Stringfellow,W (Jan 10),0.0,11,0.00,0%,829,829,0.0,0.0,0.0,0.0,0.0,0.0,0.0,0.0,0.0,0.0,0.0,0.0,0.0
Austin,Carr,W (Jan 10),1.0,5,0.00,0%,830,830,0.0,0.0,0.0,0.0,0.0,0.0,0.0,0.0,0.0,0.0,0.0,0.0,0.0
Cody,Hollister,W (Jan 10),0.0,9,0.00,0%,833,833,0.0,0.0,0.0,0.0,0.0,0.0,0.0,0.0,0.0,0.0,0.0,0.0,0.0
Gehrig,Dieter,W (Jan 10),0.0,10,0.00,0%,836,836,0.0,0.0,0.0,0.0,0.0,0.0,0.0,0.0,0.0,0.0,0.0,0.0,0.0
Anas,Hasic,W (Jan 10),0.0,10,0.00,0%,837,837,0.0,0.0,0.0,0.0,0.0,0.0,0.0,0.0,0.0,0.0,0.0,0.0,0.0
Marcus,Kemp,W (Jan 10),0.0,10,0.00,0%,839,839,0.0,0.0,0.0,0.0,0.0,0.0,0.0,0.0,0.0,0.0,0.0,0.0,0.0
Alonzo,Moore,W (Jan 10),0.0,10,0.00,0%,840,840,0.0,0.0,0.0,0.0,0.0,0.0,0.0,0.0,0.0,0.0,0.0,0.0,0.0
Tony,Stevens,W (Jan 10),0.0,10,0.00,0%,841,841,0.0,0.0,0.0,0.0,0.0,0.0,0.0,0.0,0.0,0.0,0.0,0.0,0.0
BJ,Johnson,W (Jan 10),0.0,11,0.00,0%,842,842,0.0,0.0,0.0,0.0,0.0,0.0,0.0,0.0,0.0,0.0,0.0,0.0,0.0
Raysean,Pringle,W (Jan 10),0.0,8,0.00,0%,843,843,0.0,0.0,0.0,0.0,0.0,0.0,0.0,0.0,0.0,0.0,0.0,0.0,0.0
Jamari,Staples,W (Jan 10),0.0,5,0.00,0%,848,848,0.0,0.0,0.0,0.0,0.0,0.0,0.0,0.0,0.0,0.0,0.0,0.0,0.0
Greg,Ward,W (Jan 10),0.0,10,0.00,0%,851,851,0.0,0.0,0.0,0.0,0.0,0.0,0.0,0.0,0.0,0.0,0.0,0.0,0.0
Jhajuan,Seales,W (Jan 10),0.0,1,0.00,0%,854,854,0.0,0.0,0.0,0.0,0.0,0.0,0.0,0.0,0.0,0.0,0.0,0.0,0.0
Kermit,Whitfield,W (Jan 10),0.0,6,0.00,0%,856,856,0.0,0.0,0.0,0.0,0.0,0.0,0.0,0.0,0.0,0.0,0.0,0.0,0.0
Keeon,Johnson,W (Jan 10),1.0,8,0.00,0%,857,857,0.0,0.0,0.0,0.0,0.0,0.0,0.0,0.0,0.0,0.0,0.0,0.0,0.0
Robert,Wheelwright,W (Jan 10),0.0,10,0.00,0%,862,862,0.0,0.0,0.0,0.0,0.0,0.0,0.0,0.0,0.0,0.0,0.0,0.0,0.0
Jalen,Williams,W (Jan 10),0.0,8,0.00,0%,863,863,0.0,0.0,0.0,0.0,0.0,0.0,0.0,0.0,0.0,0.0,0.0,0.0,0.0
Bra'Lon,Cherry,W (Jan 10),0.0,5,0.00,0%,865,865,0.0,0.0,0.0,0.0,0.0,0.0,0.0,0.0,0.0,0.0,0.0,0.0,0.0
KeVonn,Mabon,W (Jan 10),0.0,11,0.00,0%,868,868,0.0,0.0,0.0,0.0,0.0,0.0,0.0,0.0,0.0,0.0,0.0,0.0,0.0
Justin,Hunter,W (Jan 10),1.0,9,0.00,0%,869,869,0.0,0.0,0.0,0.0,0.0,0.0,0.0,0.0,0.0,0.0,0.0,0.0,0.0
Giovanni,Pascascio,W (Jan 10),0.0,8,0.00,0%,870,870,0.0,0.0,0.0,0.0,0.0,0.0,0.0,0.0,0.0,0.0,0.0,0.0,0.0
Billy,Brown,W (Jan 10),0.0,10,0.00,0%,872,872,0.0,0.0,0.0,0.0,0.0,0.0,0.0,0.0,0.0,0.0,0.0,0.0,0.0
Darreus,Rogers,W (Jan 10),0.0,9,0.00,0%,876,876,0.0,0.0,0.0,0.0,0.0,0.0,0.0,0.0,0.0,0.0,0.0,0.0,0.0
Dontez,Ford,W (Jan 10),0.0,7,0.00,0%,880,880,0.0,0.0,0.0,0.0,0.0,0.0,0.0,0.0,0.0,0.0,0.0,0.0,0.0
Michael,Rector,W (Jan 10),0.0,7,0.00,0%,882,882,0.0,0.0,0.0,0.0,0.0,0.0,0.0,0.0,0.0,0.0,0.0,0.0,0.0
Noel,Thomas,W (Jan 10),0.0,7,0.00,0%,883,883,0.0,0.0,0.0,0.0,0.0,0.0,0.0,0.0,0.0,0.0,0.0,0.0,0.0
Robert,Tonyan,W (Jan 10),0.0,8,0.00,0%,884,884,0.0,0.0,0.0,0.0,0.0,0.0,0.0,0.0,0.0,0.0,0.0,0.0,0.0
Aaron,Dobson,W (Jan 10),0.0,8,0.00,0%,885,885,0.0,0.0,0.0,0.0,0.0,0.0,0.0,0.0,0.0,0.0,0.0,0.0,0.0
Brian,Brown,W (Jan 10),0.0,6,0.00,0%,889,889,0.0,0.0,0.0,0.0,0.0,0.0,0.0,0.0,0.0,0.0,0.0,0.0,0.0
Terrance,Williams,W (Jan 10),0.0,6,0.00,7%,894,894,0.0,0.0,0.0,0.0,0.0,0.0,0.0,0.0,0.0,0.0,0.0,0.0,0.0
Markus,Wheaton,W (Jan 10),1.0,9,0.00,1%,896,896,0.0,0.0,0.0,0.0,0.0,0.0,0.0,0.0,0.0,0.0,0.0,0.0,0.0
Deante',Gray,W (Jan 10),1.0,7,0.00,0%,898,898,0.0,0.0,0.0,0.0,0.0,0.0,0.0,0.0,0.0,0.0,0.0,0.0,0.0
Riley,McCarron,W (Jan 10),0.0,9,0.00,0%,899,899,0.0,0.0,0.0,0.0,0.0,0.0,0.0,0.0,0.0,0.0,0.0,0.0,0.0
Shaq,Hill,W (Jan 10),0.0,1,0.00,0%,900,900,0.0,0.0,0.0,0.0,0.0,0.0,0.0,0.0,0.0,0.0,0.0,0.0,0.0
Justin,Hardee,W (Jan 10),1.0,5,0.00,0%,901,901,0.0,0.0,0.0,0.0,0.0,0.0,0.0,0.0,0.0,0.0,0.0,0.0,0.0
Anthony,Nash,W (Jan 10),0.0,5,0.00,0%,904,904,0.0,0.0,0.0,0.0,0.0,0.0,0.0,0.0,0.0,0.0,0.0,0.0,0.0
Josh,Boyce,W (Jan 10),0.0,9,0.00,0%,905,905,0.0,0.0,0.0,0.0,0.0,0.0,0.0,0.0,0.0,0.0,0.0,0.0,0.0
Reggie,Davis,W (Jan 10),0.0,5,0.00,0%,907,907,0.0,0.0,0.0,0.0,0.0,0.0,0.0,0.0,0.0,0.0,0.0,0.0,0.0
Kevin,Snead,W (Jan 10),0.0,8,0.00,0%,909,909,0.0,0.0,0.0,0.0,0.0,0.0,0.0,0.0,0.0,0.0,0.0,0.0,0.0
Larry,Clark,W (Jan 10),0.0,8,0.00,0%,911,911,0.0,0.0,0.0,0.0,0.0,0.0,0.0,0.0,0.0,0.0,0.0,0.0,0.0
Al-Damion,Riles,W (Jan 10),0.0,11,0.00,0%,912,912,0.0,0.0,0.0,0.0,0.0,0.0,0.0,0.0,0.0,0.0,0.0,0.0,0.0
Aaron,Bailey,W (Jan 10),0.0,10,0.00,0%,913,913,0.0,0.0,0.0,0.0,0.0,0.0,0.0,0.0,0.0,0.0,0.0,0.0,0.0
Quinton,Patton,W (Jan 10),0.0,11,0.00,0%,914,914,0.0,0.0,0.0,0.0,0.0,0.0,0.0,0.0,0.0,0.0,0.0,0.0,0.0
Speedy,Noil,W (Jan 10),0.0,6,0.00,0%,919,919,0.0,0.0,0.0,0.0,0.0,0.0,0.0,0.0,0.0,0.0,0.0,0.0,0.0
Chris,Thompson,W (Jan 10),1.0,7,0.00,0%,923,923,0.0,0.0,0.0,0.0,0.0,0.0,0.0,0.0,0.0,0.0,0.0,0.0,0.0
Mitchell,Paige,W (Jan 10),0.0,9,0.00,0%,924,924,0.0,0.0,0.0,0.0,0.0,0.0,0.0,0.0,0.0,0.0,0.0,0.0,0.0
Shakeir,Ryan,W (Jan 10),0.0,5,0.00,0%,927,927,0.0,0.0,0.0,0.0,0.0,0.0,0.0,0.0,0.0,0.0,0.0,0.0,0.0
Colby,Pearson,W (Jan 10),0.0,8,0.00,0%,934,934,0.0,0.0,0.0,0.0,0.0,0.0,0.0,0.0,0.0,0.0,0.0,0.0,0.0
Corey,Fuller,W (Jan 10),1.0,5,0.00,0%,936,936,0.0,0.0,0.0,0.0,0.0,0.0,0.0,0.0,0.0,0.0,0.0,0.0,0.0
Dan,Arnold,W (Jan 10),1.0,5,0.00,0%,937,937,0.0,0.0,0.0,0.0,0.0,0.0,0.0,0.0,0.0,0.0,0.0,0.0,0.0
Lance,Lenoir,W (Jan 10),0.0,6,0.00,0%,940,940,0.0,0.0,0.0,0.0,0.0,0.0,0.0,0.0,0.0,0.0,0.0,0.0,0.0
Cameron,Posey,W (Jan 10),0.0,9,0.00,0%,941,941,0.0,0.0,0.0,0.0,0.0,0.0,0.0,0.0,0.0,0.0,0.0,0.0,0.0
Fred,Brown,W (Jan 10),0.0,8,0.00,0%,942,942,0.0,0.0,0.0,0.0,0.0,0.0,0.0,0.0,0.0,0.0,0.0,0.0,0.0
Jordan,Westerkamp,W (Jan 10),0.0,1,0.00,0%,950,950,0.0,0.0,0.0,0.0,0.0,0.0,0.0,0.0,0.0,0.0,0.0,0.0,0.0
Cobi,Hamilton,W (Jan 10),0.0,7,0.00,0%,952,952,0.0,0.0,0.0,0.0,0.0,0.0,0.0,0.0,0.0,0.0,0.0,0.0,0.0
C.J.,Germany,W (Jan 10),0.0,8,0.00,0%,954,954,0.0,0.0,0.0,0.0,0.0,0.0,0.0,0.0,0.0,0.0,0.0,0.0,0.0
Alton,Howard,W (Jan 10),0.0,9,0.00,0%,956,956,0.0,0.0,0.0,0.0,0.0,0.0,0.0,0.0,0.0,0.0,0.0,0.0,0.0
Brice,Butler,W (Jan 10),0.0,6,0.00,1%,957,957,0.0,0.0,0.0,0.0,0.0,0.0,0.0,0.0,0.0,0.0,0.0,0.0,0.0
Marvin,Bracy,W (Jan 10),0.0,11,0.00,0%,960,960,0.0,0.0,0.0,0.0,0.0,0.0,0.0,0.0,0.0,0.0,0.0,0.0,0.0
De'Quan,Hampton,W (Jan 10),0.0,5,0.00,0%,961,961,0.0,0.0,0.0,0.0,0.0,0.0,0.0,0.0,0.0,0.0,0.0,0.0,0.0
Brian,Riley,W (Jan 10),0.0,11,0.00,0%,962,962,0.0,0.0,0.0,0.0,0.0,0.0,0.0,0.0,0.0,0.0,0.0,0.0,0.0
Charles,Johnson,W (Jan 10),1.0,11,0.00,0%,964,964,0.0,0.0,0.0,0.0,0.0,0.0,0.0,0.0,0.0,0.0,0.0,0.0,0.0
Keevan,Lucas,W (Jan 10),0.0,10,0.00,0%,965,965,0.0,0.0,0.0,0.0,0.0,0.0,0.0,0.0,0.0,0.0,0.0,0.0,0.0
Dan,Williams,W (Jan 10),0.0,11,0.00,0%,966,966,0.0,0.0,0.0,0.0,0.0,0.0,0.0,0.0,0.0,0.0,0.0,0.0,0.0
Germone,Hopper,W (Jan 10),0.0,7,0.00,0%,967,967,0.0,0.0,0.0,0.0,0.0,0.0,0.0,0.0,0.0,0.0,0.0,0.0,0.0
Rashard,Davis,W (Jan 10),0.0,10,0.00,0%,968,968,0.0,0.0,0.0,0.0,0.0,0.0,0.0,0.0,0.0,0.0,0.0,0.0,0.0
Justice,Liggins,W (Jan 10),0.0,11,0.00,0%,970,970,0.0,0.0,0.0,0.0,0.0,0.0,0.0,0.0,0.0,0.0,0.0,0.0,0.0
Marquess,Wilson,W (Jan 10),0.0,11,0.00,0%,974,974,0.0,0.0,0.0,0.0,0.0,0.0,0.0,0.0,0.0,0.0,0.0,0.0,0.0
B.J.,Daniels,W (Jan 10),0.0,5,0.00,0%,975,975,0.0,0.0,0.0,0.0,0.0,0.0,0.0,0.0,0.0,0.0,0.0,0.0,0.0
Anquan,Boldin,W (Jan 10),0.0,6,0.00,0%,976,976,0.0,0.0,0.0,0.0,0.0,0.0,0.0,0.0,0.0,0.0,0.0,0.0,0.0
Quincy,McDuffie,W (Jan 10),0.0,6,0.00,0%,979,979,0.0,0.0,0.0,0.0,0.0,0.0,0.0,0.0,0.0,0.0,0.0,0.0,0.0
Ryan,Spadola,W (Jan 10),0.0,7,0.00,0%,982,982,0.0,0.0,0.0,0.0,0.0,0.0,0.0,0.0,0.0,0.0,0.0,0.0,0.0
Rodney,Smith,W (Jan 10),0.0,6,0.00,0%,987,987,0.0,0.0,0.0,0.0,0.0,0.0,0.0,0.0,0.0,0.0,0.0,0.0,0.0
Frankie,Hammond,W (Jan 10),0.0,11,0.00,0%,989,989,0.0,0.0,0.0,0.0,0.0,0.0,0.0,0.0,0.0,0.0,0.0,0.0,0.0
Nick,Williams,W (Jan 10),1.0,5,0.00,0%,991,991,0.0,0.0,0.0,0.0,0.0,0.0,0.0,0.0,0.0,0.0,0.0,0.0,0.0
Kenbrell,Thompkins,W (Jan 10),0.0,11,0.00,0%,994,994,0.0,0.0,0.0,0.0,0.0,0.0,0.0,0.0,0.0,0.0,0.0,0.0,0.0
Terrell,Sinkfield,W (Jan 10),0.0,11,0.00,0%,995,995,0.0,0.0,0.0,0.0,0.0,0.0,0.0,0.0,0.0,0.0,0.0,0.0,0.0
Rashad,Ross,W (Jan 10),0.0,8,0.00,0%,996,996,0.0,0.0,0.0,0.0,0.0,0.0,0.0,0.0,0.0,0.0,0.0,0.0,0.0
Uzoma,Nwachukwu,W (Jan 10),0.0,6,0.00,0%,998,998,0.0,0.0,0.0,0.0,0.0,0.0,0.0,0.0,0.0,0.0,0.0,0.0,0.0
Eric,Rogers,W (Jan 10),0.0,11,0.00,0%,1000,1000,0.0,0.0,0.0,0.0,0.0,0.0,0.0,0.0,0.0,0.0,0.0,0.0,0.0
Myles,White,W (Jan 10),0.0,11,0.00,0%,1003,1003,0.0,0.0,0.0,0.0,0.0,0.0,0.0,0.0,0.0,0.0,0.0,0.0,0.0
Marlon,Brown,W (Jan 10),0.0,5,0.00,0%,1005,1005,0.0,0.0,0.0,0.0,0.0,0.0,0.0,0.0,0.0,0.0,0.0,0.0,0.0
Jordan,Matthews,W (Jan 10),0.0,6,0.00,26%,1010,1010,0.0,0.0,0.0,0.0,0.0,0.0,0.0,0.0,0.0,0.0,0.0,0.0,0.0
Cody,Latimer,W (Jan 10),1.0,5,0.00,0%,1016,1016,0.0,0.0,0.0,0.0,0.0,0.0,0.0,0.0,0.0,0.0,0.0,0.0,0.0
Allen,Robinson,W (Jan 10),1.0,8,0.00,14%,1017,1017,0.0,0.0,0.0,0.0,0.0,0.0,0.0,0.0,0.0,0.0,0.0,0.0,0.0
Josh,Huff,W (Jan 10),0.0,1,0.00,0%,1020,1020,0.0,0.0,0.0,0.0,0.0,0.0,0.0,0.0,0.0,0.0,0.0,0.0,0.0
Kevin,Norwood,W (Jan 10),1.0,8,0.00,0%,1026,1026,0.0,0.0,0.0,0.0,0.0,0.0,0.0,0.0,0.0,0.0,0.0,0.0,0.0
De'Anthony,Thomas,W (Jan 10),1.0,10,0.00,0%,1027,1027,0.0,0.0,0.0,0.0,0.0,0.0,0.0,0.0,0.0,0.0,0.0,0.0,0.0
Devin,Street,W (Jan 10),0.0,7,0.00,0%,1030,1030,0.0,0.0,0.0,0.0,0.0,0.0,0.0,0.0,0.0,0.0,0.0,0.0,0.0
Jared,Abbrederis,W (Jan 10),1.0,7,0.00,0%,1033,1033,0.0,0.0,0.0,0.0,0.0,0.0,0.0,0.0,0.0,0.0,0.0,0.0,0.0
Vincent,Jackson,W (Jan 10),0.0,1,0.00,0%,1036,1036,0.0,0.0,0.0,0.0,0.0,0.0,0.0,0.0,0.0,0.0,0.0,0.0,0.0
Matt,Hazel,W (Jan 10),0.0,9,0.00,0%,1037,1037,0.0,0.0,0.0,0.0,0.0,0.0,0.0,0.0,0.0,0.0,0.0,0.0,0.0
Walter,Powell,W (Jan 10),0.0,6,0.00,0%,1039,1039,0.0,0.0,0.0,0.0,0.0,0.0,0.0,0.0,0.0,0.0,0.0,0.0,0.0
Quincy,Enunwa,W (Jan 10),1.0,11,0.00,1%,1041,1041,0.0,0.0,0.0,0.0,0.0,0.0,0.0,0.0,0.0,0.0,0.0,0.0,0.0
James,Wright,W (Jan 10),0.0,11,0.00,0%,1045,1045,0.0,0.0,0.0,0.0,0.0,0.0,0.0,0.0,0.0,0.0,0.0,0.0,0.0
Isaiah,Burse,W (Jan 10),1.0,9,0.00,0%,1050,1050,0.0,0.0,0.0,0.0,0.0,0.0,0.0,0.0,0.0,0.0,0.0,0.0,0.0
Javontee,Herndon,W (Jan 10),0.0,6,0.00,0%,1052,1052,0.0,0.0,0.0,0.0,0.0,0.0,0.0,0.0,0.0,0.0,0.0,0.0,0.0
Tony,Washington,W (Jan 10),0.0,9,0.00,0%,1058,1058,0.0,0.0,0.0,0.0,0.0,0.0,0.0,0.0,0.0,0.0,0.0,0.0,0.0
Seantavius,Jones,W (Jan 10),0.0,11,0.00,0%,1060,1060,0.0,0.0,0.0,0.0,0.0,0.0,0.0,0.0,0.0,0.0,0.0,0.0,0.0
Philly,Brown,W (Jan 10),0.0,6,0.00,0%,1061,1061,0.0,0.0,0.0,0.0,0.0,0.0,0.0,0.0,0.0,0.0,0.0,0.0,0.0
Derel,Walker,W (Jan 10),0.0,1,0.00,0%,1065,1065,0.0,0.0,0.0,0.0,0.0,0.0,0.0,0.0,0.0,0.0,0.0,0.0,0.0
Jeremy,Butler,W (Jan 10),0.0,6,0.00,0%,1066,1066,0.0,0.0,0.0,0.0,0.0,0.0,0.0,0.0,0.0,0.0,0.0,0.0,0.0
Jonathan,Krause,W (Jan 10),0.0,8,0.00,0%,1067,1067,0.0,0.0,0.0,0.0,0.0,0.0,0.0,0.0,0.0,0.0,0.0,0.0,0.0
Albert,Wilson,W (Jan 10),1.0,10,0.00,1%,1070,1070,0.0,0.0,0.0,0.0,0.0,0.0,0.0,0.0,0.0,0.0,0.0,0.0,0.0
Freddie,Martino,W (Jan 10),0.0,1,0.00,0%,1071,1071,0.0,0.0,0.0,0.0,0.0,0.0,0.0,0.0,0.0,0.0,0.0,0.0,0.0
Bernard,Reedy,W (Jan 10),1.0,9,0.00,0%,1073,1073,0.0,0.0,0.0,0.0,0.0,0.0,0.0,0.0,0.0,0.0,0.0,0.0,0.0
Arrelious,Benn,W (Jan 10),1.0,8,0.00,0%,1080,1080,0.0,0.0,0.0,0.0,0.0,0.0,0.0,0.0,0.0,0.0,0.0,0.0,0.0
Corey,Washington,W (Jan 10),0.0,6,0.00,0%,1081,1081,0.0,0.0,0.0,0.0,0.0,0.0,0.0,0.0,0.0,0.0,0.0,0.0,0.0
Brandon,LaFell,W (Jan 10),0.0,6,0.00,2%,1085,1085,0.0,0.0,0.0,0.0,0.0,0.0,0.0,0.0,0.0,0.0,0.0,0.0,0.0
Rashad,Lawrence,W (Jan 10),0.0,1,0.00,0%,1088,1088,0.0,0.0,0.0,0.0,0.0,0.0,0.0,0.0,0.0,0.0,0.0,0.0,0.0
Marc,Mariani,W (Jan 10),0.0,8,0.00,0%,1108,1108,0.0,0.0,0.0,0.0,0.0,0.0,0.0,0.0,0.0,0.0,0.0,0.0,0.0
Brandon,Marshall,W (Jan 10),1.0,8,0.00,18%,1111,1111,0.0,0.0,0.0,0.0,0.0,0.0,0.0,0.0,0.0,0.0,0.0,0.0,0.0
Kevin,White,W (Jan 10),1.0,9,0.00,2%,1114,1114,0.0,0.0,0.0,0.0,0.0,0.0,0.0,0.0,0.0,0.0,0.0,0.0,0.0
Devin,Smith,W (Jan 10),1.0,11,0.00,0%,1119,1119,0.0,0.0,0.0,0.0,0.0,0.0,0.0,0.0,0.0,0.0,0.0,0.0,0.0
Dorial,Green-Beckham,W (Jan 10),0.0,10,0.00,0%,1120,1120,0.0,0.0,0.0,0.0,0.0,0.0,0.0,0.0,0.0,0.0,0.0,0.0,0.0
Tyler,Lockett,W (Jan 10),0.0,6,0.00,34%,1121,1121,0.0,0.0,0.0,0.0,0.0,0.0,0.0,0.0,0.0,0.0,0.0,0.0,0.0
Jaelen,Strong,W (Jan 10),1.0,8,0.00,0%,1122,1122,0.0,0.0,0.0,0.0,0.0,0.0,0.0,0.0,0.0,0.0,0.0,0.0,0.0
Chris,Conley,W (Jan 10),1.0,10,0.00,1%,1124,1124,0.0,0.0,0.0,0.0,0.0,0.0,0.0,0.0,0.0,0.0,0.0,0.0,0.0
Vince,Mayle,W (Jan 10),1.0,10,0.00,0%,1132,1132,0.0,0.0,0.0,0.0,0.0,0.0,0.0,0.0,0.0,0.0,0.0,0.0,0.0
DeAndre,Smelter,W (Jan 10),0.0,11,0.00,0%,1134,1134,0.0,0.0,0.0,0.0,0.0,0.0,0.0,0.0,0.0,0.0,0.0,0.0,0.0
Rashad,Greene,W (Jan 10),1.0,8,0.00,0%,1136,1136,0.0,0.0,0.0,0.0,0.0,0.0,0.0,0.0,0.0,0.0,0.0,0.0,0.0
Bryan,Walters,W (Jan 10),0.0,8,0.00,0%,1138,1138,0.0,0.0,0.0,0.0,0.0,0.0,0.0,0.0,0.0,0.0,0.0,0.0,0.0
Kenny,Bell,W (Jan 10),0.0,10,0.00,0%,1142,1142,0.0,0.0,0.0,0.0,0.0,0.0,0.0,0.0,0.0,0.0,0.0,0.0,0.0
Keith,Mumphery,W (Jan 10),0.0,7,0.00,0%,1145,1145,0.0,0.0,0.0,0.0,0.0,0.0,0.0,0.0,0.0,0.0,0.0,0.0,0.0
Kaelin,Clay,W (Jan 10),0.0,11,0.00,0%,1146,1146,0.0,0.0,0.0,0.0,0.0,0.0,0.0,0.0,0.0,0.0,0.0,0.0,0.0
Geremy,Davis,W (Jan 10),0.0,9,0.00,0%,1147,1147,0.0,0.0,0.0,0.0,0.0,0.0,0.0,0.0,0.0,0.0,0.0,0.0,0.0
Da'Ron,Brown,W (Jan 10),0.0,9,0.00,0%,1156,1156,0.0,0.0,0.0,0.0,0.0,0.0,0.0,0.0,0.0,0.0,0.0,0.0,0.0
Dezmin,Lewis,W (Jan 10),0.0,6,0.00,0%,1157,1157,0.0,0.0,0.0,0.0,0.0,0.0,0.0,0.0,0.0,0.0,0.0,0.0,0.0
Mario,Alford,W (Jan 10),0.0,9,0.00,0%,1159,1159,0.0,0.0,0.0,0.0,0.0,0.0,0.0,0.0,0.0,0.0,0.0,0.0,0.0
Tre,McBride,W (Jan 10),1.0,11,0.00,0%,1160,1160,0.0,0.0,0.0,0.0,0.0,0.0,0.0,0.0,0.0,0.0,0.0,0.0,0.0
Rasheed,Bailey,W (Jan 10),0.0,11,0.00,0%,1164,1164,0.0,0.0,0.0,0.0,0.0,0.0,0.0,0.0,0.0,0.0,0.0,0.0,0.0
Victor,Cruz,W (Jan 10),0.0,9,0.00,0%,1165,1165,0.0,0.0,0.0,0.0,0.0,0.0,0.0,0.0,0.0,0.0,0.0,0.0,0.0
River,Cracraft,W (Jan 10),0.0,5,0.00,0%,-,-,0.0,0.0,0.0,0.0,0.0,0.0,0.0,0.0,0.0,0.0,0.0,0.0,0.0
Brandon,Banks,W (Jan 10),0.0,5,0.00,0%,-,-,0.0,0.0,0.0,0.0,0.0,0.0,0.0,0.0,0.0,0.0,0.0,0.0,0.0
Calvin,Johnson,W (Jan 10),0.0,7,0.00,0%,-,-,0.0,0.0,0.0,0.0,0.0,0.0,0.0,0.0,0.0,0.0,0.0,0.0,0.0
